,prev_pred,regex
0,conversation_opener,(^(slash|oracle|applicant|choose|belong|accomplish|hop|lie|base|shred|info|collect|presence|sage|worthy|riddle|blame|obscurity|discourse|topic|hibernation|mode|gather|engage)(?![\w])|(?<=[\W_])(slash|oracle|applicant|choose|belong|accomplish|hop|lie|base|shred|info|collect|presence|sage|worthy|riddle|blame|obscurity|discourse|topic|hibernation|mode|gather|engage)(?![\w])|(?<=[\W_])(slash|oracle|applicant|choose|belong|accomplish|hop|lie|base|shred|info|collect|presence|sage|worthy|riddle|blame|obscurity|discourse|topic|hibernation|mode|gather|engage)$|^(slash|oracle|applicant|choose|belong|accomplish|hop|lie|base|shred|info|collect|presence|sage|worthy|riddle|blame|obscurity|discourse|topic|hibernation|mode|gather|engage)$)
1,before_18,"(^(madrid|foreigner|inherit|receive|hail|vitoria|northern|phd|physics|austin|texas|send|kindergarten|school|age|piano|lesson|teach|remember|big|fear|lose|ability|reason|education|public|high|school|href=""https://www.ibo.org|benefit|target|international|baccalaureate|programme</a|admit|hard|selection|process|student|applicant|madrid|graduation|madrid|philology|south|exact)(?![\w])|(?<=[\W_])(madrid|foreigner|inherit|receive|hail|vitoria|northern|phd|physics|austin|texas|send|kindergarten|school|age|piano|lesson|teach|remember|big|fear|lose|ability|reason|education|public|high|school|href=""https://www.ibo.org|benefit|target|international|baccalaureate|programme</a|admit|hard|selection|process|student|applicant|madrid|graduation|madrid|philology|south|exact)(?![\w])|(?<=[\W_])(madrid|foreigner|inherit|receive|hail|vitoria|northern|phd|physics|austin|texas|send|kindergarten|school|age|piano|lesson|teach|remember|big|fear|lose|ability|reason|education|public|high|school|href=""https://www.ibo.org|benefit|target|international|baccalaureate|programme</a|admit|hard|selection|process|student|applicant|madrid|graduation|madrid|philology|south|exact)$|^(madrid|foreigner|inherit|receive|hail|vitoria|northern|phd|physics|austin|texas|send|kindergarten|school|age|piano|lesson|teach|remember|big|fear|lose|ability|reason|education|public|high|school|href=""https://www.ibo.org|benefit|target|international|baccalaureate|programme</a|admit|hard|selection|process|student|applicant|madrid|graduation|madrid|philology|south|exact)$)"
2,volunteer_work,(^(interest|help|stuck|age|parent|psychoanalyst|spelling|struggle|right|attempt|stuff|stick|early|interest|drive|embark|adventure|memorable|guatemala|small|town|antigua|help|local|build|house|teach|syria|war|suburb|damascus|yarmuk|famous|settle|palestinian|guess|right|wear|honorable|batch|frequent|late|visitor|bonding|experience|much|trip|experience|win|finalist|award|renowned|contest|sea|competition|hold|anna|lindh|foundation)(?![\w])|(?<=[\W_])(interest|help|stuck|age|parent|psychoanalyst|spelling|struggle|right|attempt|stuff|stick|early|interest|drive|embark|adventure|memorable|guatemala|small|town|antigua|help|local|build|house|teach|syria|war|suburb|damascus|yarmuk|famous|settle|palestinian|guess|right|wear|honorable|batch|frequent|late|visitor|bonding|experience|much|trip|experience|win|finalist|award|renowned|contest|sea|competition|hold|anna|lindh|foundation)(?![\w])|(?<=[\W_])(interest|help|stuck|age|parent|psychoanalyst|spelling|struggle|right|attempt|stuff|stick|early|interest|drive|embark|adventure|memorable|guatemala|small|town|antigua|help|local|build|house|teach|syria|war|suburb|damascus|yarmuk|famous|settle|palestinian|guess|right|wear|honorable|batch|frequent|late|visitor|bonding|experience|much|trip|experience|win|finalist|award|renowned|contest|sea|competition|hold|anna|lindh|foundation)$|^(interest|help|stuck|age|parent|psychoanalyst|spelling|struggle|right|attempt|stuff|stick|early|interest|drive|embark|adventure|memorable|guatemala|small|town|antigua|help|local|build|house|teach|syria|war|suburb|damascus|yarmuk|famous|settle|palestinian|guess|right|wear|honorable|batch|frequent|late|visitor|bonding|experience|much|trip|experience|win|finalist|award|renowned|contest|sea|competition|hold|anna|lindh|foundation)$)
3,as_writer,"(^(side|famous|writer|win|renowned|award|premio|nadal|edition|href=""https://en.wikipedia.org|wiki|jos%c3%a9_f%c3%a9lix_tapia|target|link|wikipedia|die|old|link|fabulous|writer|dare|early|passion|correlation|causation|difficult|least|concern)(?![\w])|(?<=[\W_])(side|famous|writer|win|renowned|award|premio|nadal|edition|href=""https://en.wikipedia.org|wiki|jos%c3%a9_f%c3%a9lix_tapia|target|link|wikipedia|die|old|link|fabulous|writer|dare|early|passion|correlation|causation|difficult|least|concern)(?![\w])|(?<=[\W_])(side|famous|writer|win|renowned|award|premio|nadal|edition|href=""https://en.wikipedia.org|wiki|jos%c3%a9_f%c3%a9lix_tapia|target|link|wikipedia|die|old|link|fabulous|writer|dare|early|passion|correlation|causation|difficult|least|concern)$|^(side|famous|writer|win|renowned|award|premio|nadal|edition|href=""https://en.wikipedia.org|wiki|jos%c3%a9_f%c3%a9lix_tapia|target|link|wikipedia|die|old|link|fabulous|writer|dare|early|passion|correlation|causation|difficult|least|concern)$)"
4,as_linguist,(^(philology|intuit|affect|extent|impact|approach|subject|speaker|common|history|right|next|door)(?![\w])|(?<=[\W_])(philology|intuit|affect|extent|impact|approach|subject|speaker|common|history|right|next|door)(?![\w])|(?<=[\W_])(philology|intuit|affect|extent|impact|approach|subject|speaker|common|history|right|next|door)$|^(philology|intuit|affect|extent|impact|approach|subject|speaker|common|history|right|next|door)$)
5,university_experience,(^(philology|university|university|3-year|programme|licenciatura|diplomatura|licenciaturas</i|new|format|adopt|europe|clash|validate|old|format|category|divide|previous|channel|form|intend|audience|team|position|apply|lengthy|explanation|third|enrol|course|university|jordan|capital|amman|fifth|freie|universität|obtain|arabikum|certificate|complete|licenciatura|type|programme|interpreting)(?![\w])|(?<=[\W_])(philology|university|university|3-year|programme|licenciatura|diplomatura|licenciaturas</i|new|format|adopt|europe|clash|validate|old|format|category|divide|previous|channel|form|intend|audience|team|position|apply|lengthy|explanation|third|enrol|course|university|jordan|capital|amman|fifth|freie|universität|obtain|arabikum|certificate|complete|licenciatura|type|programme|interpreting)(?![\w])|(?<=[\W_])(philology|university|university|3-year|programme|licenciatura|diplomatura|licenciaturas</i|new|format|adopt|europe|clash|validate|old|format|category|divide|previous|channel|form|intend|audience|team|position|apply|lengthy|explanation|third|enrol|course|university|jordan|capital|amman|fifth|freie|universität|obtain|arabikum|certificate|complete|licenciatura|type|programme|interpreting)$|^(philology|university|university|3-year|programme|licenciatura|diplomatura|licenciaturas</i|new|format|adopt|europe|clash|validate|old|format|category|divide|previous|channel|form|intend|audience|team|position|apply|lengthy|explanation|third|enrol|course|university|jordan|capital|amman|fifth|freie|universität|obtain|arabikum|certificate|complete|licenciatura|type|programme|interpreting)$)
6,rating_as_university_student,(^(journey|suppose|risk|figure|stuff|hand|life|self|induce|motivation|figure)(?![\w])|(?<=[\W_])(journey|suppose|risk|figure|stuff|hand|life|self|induce|motivation|figure)(?![\w])|(?<=[\W_])(journey|suppose|risk|figure|stuff|hand|life|self|induce|motivation|figure)$|^(journey|suppose|risk|figure|stuff|hand|life|self|induce|motivation|figure)$)
7,as_immigrant,(^(reside|germany|move|hamburg|summer|pearl|city|marry|term|apartment|stone|throw|unparalleled|beauty|lake|binnenalster|dense|mist|hang|lake|office|home|mist|lift|environmental|behaviour|accustom|exert|impact|boundary|impressive|collection|board|game|brave|weather)(?![\w])|(?<=[\W_])(reside|germany|move|hamburg|summer|pearl|city|marry|term|apartment|stone|throw|unparalleled|beauty|lake|binnenalster|dense|mist|hang|lake|office|home|mist|lift|environmental|behaviour|accustom|exert|impact|boundary|impressive|collection|board|game|brave|weather)(?![\w])|(?<=[\W_])(reside|germany|move|hamburg|summer|pearl|city|marry|term|apartment|stone|throw|unparalleled|beauty|lake|binnenalster|dense|mist|hang|lake|office|home|mist|lift|environmental|behaviour|accustom|exert|impact|boundary|impressive|collection|board|game|brave|weather)$|^(reside|germany|move|hamburg|summer|pearl|city|marry|term|apartment|stone|throw|unparalleled|beauty|lake|binnenalster|dense|mist|hang|lake|office|home|mist|lift|environmental|behaviour|accustom|exert|impact|boundary|impressive|collection|board|game|brave|weather)$)
8,career_switch_in_detail,(^(switch|spawn|compare|immerse|crack|reveal|wield|decision|incorrigible|infidel|land|type|leap|happy|outcome|advantage|outweigh|downside|obvious|reconcile|catch|glimpse|bring)(?![\w])|(?<=[\W_])(switch|spawn|compare|immerse|crack|reveal|wield|decision|incorrigible|infidel|land|type|leap|happy|outcome|advantage|outweigh|downside|obvious|reconcile|catch|glimpse|bring)(?![\w])|(?<=[\W_])(switch|spawn|compare|immerse|crack|reveal|wield|decision|incorrigible|infidel|land|type|leap|happy|outcome|advantage|outweigh|downside|obvious|reconcile|catch|glimpse|bring)$|^(switch|spawn|compare|immerse|crack|reveal|wield|decision|incorrigible|infidel|land|type|leap|happy|outcome|advantage|outweigh|downside|obvious|reconcile|catch|glimpse|bring)$)
9,DSR,"(^(bootcamp|attend|april|july|change|intricacy|art|retrieve|valuable|datum|display|intuitive|sum|technic|debunk|myth|internet|concoct|dark|underlie|behavior|grand|scheme|thing|change|advent|cyber|age|programme|check|href=""https://datascienceretreat.com|target|website</a>.)(?![\w])|(?<=[\W_])(bootcamp|attend|april|july|change|intricacy|art|retrieve|valuable|datum|display|intuitive|sum|technic|debunk|myth|internet|concoct|dark|underlie|behavior|grand|scheme|thing|change|advent|cyber|age|programme|check|href=""https://datascienceretreat.com|target|website</a>.)(?![\w])|(?<=[\W_])(bootcamp|attend|april|july|change|intricacy|art|retrieve|valuable|datum|display|intuitive|sum|technic|debunk|myth|internet|concoct|dark|underlie|behavior|grand|scheme|thing|change|advent|cyber|age|programme|check|href=""https://datascienceretreat.com|target|website</a>.)$|^(bootcamp|attend|april|july|change|intricacy|art|retrieve|valuable|datum|display|intuitive|sum|technic|debunk|myth|internet|concoct|dark|underlie|behavior|grand|scheme|thing|change|advent|cyber|age|programme|check|href=""https://datascienceretreat.com|target|website</a>.)$)"
10,career_switch_reason,(^(main|reason|switch|team|rely|challenge|assumption|achieve|common|goal|remember|concept|law|rule|beneficial|society|wind|frame|loose|interpretation|society|embody|front|speaker|great|team|eye|impossible|true)(?![\w])|(?<=[\W_])(main|reason|switch|team|rely|challenge|assumption|achieve|common|goal|remember|concept|law|rule|beneficial|society|wind|frame|loose|interpretation|society|embody|front|speaker|great|team|eye|impossible|true)(?![\w])|(?<=[\W_])(main|reason|switch|team|rely|challenge|assumption|achieve|common|goal|remember|concept|law|rule|beneficial|society|wind|frame|loose|interpretation|society|embody|front|speaker|great|team|eye|impossible|true)$|^(main|reason|switch|team|rely|challenge|assumption|achieve|common|goal|remember|concept|law|rule|beneficial|society|wind|frame|loose|interpretation|society|embody|front|speaker|great|team|eye|impossible|true)$)
11,Khaled,"(^(introduce|khal|saudi|citizen|interpret|extensive|research|writer|internet|edit|sell|sample|offline|exchange|percentage|profit|lay|proposal|attach|proof|professional|khal|case|real|assess|integrity|trust|result|publication|href=""https://www.amazon.com|nombre|destino|ebook|b00bl52bak|target=""_blank""><i|nombre|destino|href=""https://www.amazon.de|posibilidad|palpitante|khalid|alsameti|ebook|b00d4c4nwc|target=""_blank""><i|una|posibilidad|palpitante|collaborate|support|possible|step|bump|send|appreciation)(?![\w])|(?<=[\W_])(introduce|khal|saudi|citizen|interpret|extensive|research|writer|internet|edit|sell|sample|offline|exchange|percentage|profit|lay|proposal|attach|proof|professional|khal|case|real|assess|integrity|trust|result|publication|href=""https://www.amazon.com|nombre|destino|ebook|b00bl52bak|target=""_blank""><i|nombre|destino|href=""https://www.amazon.de|posibilidad|palpitante|khalid|alsameti|ebook|b00d4c4nwc|target=""_blank""><i|una|posibilidad|palpitante|collaborate|support|possible|step|bump|send|appreciation)(?![\w])|(?<=[\W_])(introduce|khal|saudi|citizen|interpret|extensive|research|writer|internet|edit|sell|sample|offline|exchange|percentage|profit|lay|proposal|attach|proof|professional|khal|case|real|assess|integrity|trust|result|publication|href=""https://www.amazon.com|nombre|destino|ebook|b00bl52bak|target=""_blank""><i|nombre|destino|href=""https://www.amazon.de|posibilidad|palpitante|khalid|alsameti|ebook|b00d4c4nwc|target=""_blank""><i|una|posibilidad|palpitante|collaborate|support|possible|step|bump|send|appreciation)$|^(introduce|khal|saudi|citizen|interpret|extensive|research|writer|internet|edit|sell|sample|offline|exchange|percentage|profit|lay|proposal|attach|proof|professional|khal|case|real|assess|integrity|trust|result|publication|href=""https://www.amazon.com|nombre|destino|ebook|b00bl52bak|target=""_blank""><i|nombre|destino|href=""https://www.amazon.de|posibilidad|palpitante|khalid|alsameti|ebook|b00d4c4nwc|target=""_blank""><i|una|posibilidad|palpitante|collaborate|support|possible|step|bump|send|appreciation)$)"
12,physical_appearance,(^(brown|claim|blonde|wrong|delusional|use|blonde|child|mat|black|darken|revenge|die|lurid|colour|recognise|real|color|feature)(?![\w])|(?<=[\W_])(brown|claim|blonde|wrong|delusional|use|blonde|child|mat|black|darken|revenge|die|lurid|colour|recognise|real|color|feature)(?![\w])|(?<=[\W_])(brown|claim|blonde|wrong|delusional|use|blonde|child|mat|black|darken|revenge|die|lurid|colour|recognise|real|color|feature)$|^(brown|claim|blonde|wrong|delusional|use|blonde|child|mat|black|darken|revenge|die|lurid|colour|recognise|real|color|feature)$)
13,interests,(^(old|committed|relationship|man|dream|favorite|activity|netflix|chill|engage|side|open|help|redefine|surrounding|idea|job|involve|reasonable|travel)(?![\w])|(?<=[\W_])(old|committed|relationship|man|dream|favorite|activity|netflix|chill|engage|side|open|help|redefine|surrounding|idea|job|involve|reasonable|travel)(?![\w])|(?<=[\W_])(old|committed|relationship|man|dream|favorite|activity|netflix|chill|engage|side|open|help|redefine|surrounding|idea|job|involve|reasonable|travel)$|^(old|committed|relationship|man|dream|favorite|activity|netflix|chill|engage|side|open|help|redefine|surrounding|idea|job|involve|reasonable|travel)$)
14,Jose,(^(saturday|pub|foosball|table|encourage|guide|impressive|curriculum|press|com|jgmorenotorrres/|target|here</a>.|plan|move)(?![\w])|(?<=[\W_])(saturday|pub|foosball|table|encourage|guide|impressive|curriculum|press|com|jgmorenotorrres/|target|here</a>.|plan|move)(?![\w])|(?<=[\W_])(saturday|pub|foosball|table|encourage|guide|impressive|curriculum|press|com|jgmorenotorrres/|target|here</a>.|plan|move)$|^(saturday|pub|foosball|table|encourage|guide|impressive|curriculum|press|com|jgmorenotorrres/|target|here</a>.|plan|move)$)
15,opinion_society,(^(mill|tax|payer|recycling|bump|resemble|tree|belong|garbage|bin|veganism|credence|choice|school|education|course|encourage|climb|specimen|hand|repeat|entire|recycling|basic|tenet|faith|term)(?![\w])|(?<=[\W_])(mill|tax|payer|recycling|bump|resemble|tree|belong|garbage|bin|veganism|credence|choice|school|education|course|encourage|climb|specimen|hand|repeat|entire|recycling|basic|tenet|faith|term)(?![\w])|(?<=[\W_])(mill|tax|payer|recycling|bump|resemble|tree|belong|garbage|bin|veganism|credence|choice|school|education|course|encourage|climb|specimen|hand|repeat|entire|recycling|basic|tenet|faith|term)$|^(mill|tax|payer|recycling|bump|resemble|tree|belong|garbage|bin|veganism|credence|choice|school|education|course|encourage|climb|specimen|hand|repeat|entire|recycling|basic|tenet|faith|term)$)
16,opinion_languages,(^(dangerous|thing|wilderness|lie|object|fear|expose|linguistic|defence|mechanism|shield)(?![\w])|(?<=[\W_])(dangerous|thing|wilderness|lie|object|fear|expose|linguistic|defence|mechanism|shield)(?![\w])|(?<=[\W_])(dangerous|thing|wilderness|lie|object|fear|expose|linguistic|defence|mechanism|shield)$|^(dangerous|thing|wilderness|lie|object|fear|expose|linguistic|defence|mechanism|shield)$)
17,opinion_computer_systems,(^(base|humble|servant|enhance|analytical|reasoning|society|theoretical–'linguistic|framework|direction|creature|grow|thrive|order|prove|beneficial)(?![\w])|(?<=[\W_])(base|humble|servant|enhance|analytical|reasoning|society|theoretical–'linguistic|framework|direction|creature|grow|thrive|order|prove|beneficial)(?![\w])|(?<=[\W_])(base|humble|servant|enhance|analytical|reasoning|society|theoretical–'linguistic|framework|direction|creature|grow|thrive|order|prove|beneficial)$|^(base|humble|servant|enhance|analytical|reasoning|society|theoretical–'linguistic|framework|direction|creature|grow|thrive|order|prove|beneficial)$)
18,opinion_women_in_ML,(^(thing|strike|strive|upps|professional|field|hear|invite|join|lead|field|hear|represent|invest|effort|require|organise|event|undisturbed|peace|female|club|optimisation|orient|philosophy|discipline|espouse|dreamy|inclined|test|boundary|notion|establish|metaphorical|connection|grow|grow|collective|imagination)(?![\w])|(?<=[\W_])(thing|strike|strive|upps|professional|field|hear|invite|join|lead|field|hear|represent|invest|effort|require|organise|event|undisturbed|peace|female|club|optimisation|orient|philosophy|discipline|espouse|dreamy|inclined|test|boundary|notion|establish|metaphorical|connection|grow|grow|collective|imagination)(?![\w])|(?<=[\W_])(thing|strike|strive|upps|professional|field|hear|invite|join|lead|field|hear|represent|invest|effort|require|organise|event|undisturbed|peace|female|club|optimisation|orient|philosophy|discipline|espouse|dreamy|inclined|test|boundary|notion|establish|metaphorical|connection|grow|grow|collective|imagination)$|^(thing|strike|strive|upps|professional|field|hear|invite|join|lead|field|hear|represent|invest|effort|require|organise|event|undisturbed|peace|female|club|optimisation|orient|philosophy|discipline|espouse|dreamy|inclined|test|boundary|notion|establish|metaphorical|connection|grow|grow|collective|imagination)$)
19,hopes_and_dreams_for_the_future,(^(dream|evolve|speed|afford|chance|ontological|framework|category|valuable|enjoy)(?![\w])|(?<=[\W_])(dream|evolve|speed|afford|chance|ontological|framework|category|valuable|enjoy)(?![\w])|(?<=[\W_])(dream|evolve|speed|afford|chance|ontological|framework|category|valuable|enjoy)$|^(dream|evolve|speed|afford|chance|ontological|framework|category|valuable|enjoy)$)
20,differeces_between_languages,(^(life|lose|interest|legitimate|speaker|color|white|significant|rate|evolve|pliability|inner|structure|much|recognition|stone)(?![\w])|(?<=[\W_])(life|lose|interest|legitimate|speaker|color|white|significant|rate|evolve|pliability|inner|structure|much|recognition|stone)(?![\w])|(?<=[\W_])(life|lose|interest|legitimate|speaker|color|white|significant|rate|evolve|pliability|inner|structure|much|recognition|stone)$|^(life|lose|interest|legitimate|speaker|color|white|significant|rate|evolve|pliability|inner|structure|much|recognition|stone)$)
21,arabic,(^(structure|logical|sensible|ask|enabler|today|draft|resist|passing|century|undergo|major|alteration|structure|stiffen|perform|absorb|new|manifestation|cave|ground|break|change|environment|usher|new|technological|era|dialect|distance|enough|tongue|perspective|boundary|pay|price|recognisable|deserve|hold)(?![\w])|(?<=[\W_])(structure|logical|sensible|ask|enabler|today|draft|resist|passing|century|undergo|major|alteration|structure|stiffen|perform|absorb|new|manifestation|cave|ground|break|change|environment|usher|new|technological|era|dialect|distance|enough|tongue|perspective|boundary|pay|price|recognisable|deserve|hold)(?![\w])|(?<=[\W_])(structure|logical|sensible|ask|enabler|today|draft|resist|passing|century|undergo|major|alteration|structure|stiffen|perform|absorb|new|manifestation|cave|ground|break|change|environment|usher|new|technological|era|dialect|distance|enough|tongue|perspective|boundary|pay|price|recognisable|deserve|hold)$|^(structure|logical|sensible|ask|enabler|today|draft|resist|passing|century|undergo|major|alteration|structure|stiffen|perform|absorb|new|manifestation|cave|ground|break|change|environment|usher|new|technological|era|dialect|distance|enough|tongue|perspective|boundary|pay|price|recognisable|deserve|hold)$)
22,expert_opinion_on_specific_topic_words,(^(author|genre|style|aspect|sorry|disappoint|depend|context|allergic|type|platitudinous|wisdom|spoutt|occasion|input|sweet|point)(?![\w])|(?<=[\W_])(author|genre|style|aspect|sorry|disappoint|depend|context|allergic|type|platitudinous|wisdom|spoutt|occasion|input|sweet|point)(?![\w])|(?<=[\W_])(author|genre|style|aspect|sorry|disappoint|depend|context|allergic|type|platitudinous|wisdom|spoutt|occasion|input|sweet|point)$|^(author|genre|style|aspect|sorry|disappoint|depend|context|allergic|type|platitudinous|wisdom|spoutt|occasion|input|sweet|point)$)
23,novel,"(^(novel|href=""http://www.diariosigloxxi.com|texto|diario|mostrar/509910/entrevista|novela|tapia|oregui|revelacion-2016|target|title|book|devise|untranslatable|november|publishing|house|editiorial|purchase|copy|worth|personal|waste|cpu|usage|please|lay|follow|gist|matter|please|anyone)(?![\w])|(?<=[\W_])(novel|href=""http://www.diariosigloxxi.com|texto|diario|mostrar/509910/entrevista|novela|tapia|oregui|revelacion-2016|target|title|book|devise|untranslatable|november|publishing|house|editiorial|purchase|copy|worth|personal|waste|cpu|usage|please|lay|follow|gist|matter|please|anyone)(?![\w])|(?<=[\W_])(novel|href=""http://www.diariosigloxxi.com|texto|diario|mostrar/509910/entrevista|novela|tapia|oregui|revelacion-2016|target|title|book|devise|untranslatable|november|publishing|house|editiorial|purchase|copy|worth|personal|waste|cpu|usage|please|lay|follow|gist|matter|please|anyone)$|^(novel|href=""http://www.diariosigloxxi.com|texto|diario|mostrar/509910/entrevista|novela|tapia|oregui|revelacion-2016|target|title|book|devise|untranslatable|november|publishing|house|editiorial|purchase|copy|worth|personal|waste|cpu|usage|please|lay|follow|gist|matter|please|anyone)$)"
24,customer_care_experience,(^(july|october|customer|care|agent|finnair|employ|arvato|bertelsmann|charge|phone|reply|customer|complaint|unsung|hero|customer|care|agent|steer|ability|whomever)(?![\w])|(?<=[\W_])(july|october|customer|care|agent|finnair|employ|arvato|bertelsmann|charge|phone|reply|customer|complaint|unsung|hero|customer|care|agent|steer|ability|whomever)(?![\w])|(?<=[\W_])(july|october|customer|care|agent|finnair|employ|arvato|bertelsmann|charge|phone|reply|customer|complaint|unsung|hero|customer|care|agent|steer|ability|whomever)$|^(july|october|customer|care|agent|finnair|employ|arvato|bertelsmann|charge|phone|reply|customer|complaint|unsung|hero|customer|care|agent|steer|ability|whomever)$)
25,from_arabic,"(^(translator|khaled|sameti|compilation|href=""http://en.casaarabe.es|target|casa|árabe|institute</a|occasion|omani|embassy|essay|poem|ali|mohamad|publishing|flyer|event|uae|previous|subtitle|youtube|video)(?![\w])|(?<=[\W_])(translator|khaled|sameti|compilation|href=""http://en.casaarabe.es|target|casa|árabe|institute</a|occasion|omani|embassy|essay|poem|ali|mohamad|publishing|flyer|event|uae|previous|subtitle|youtube|video)(?![\w])|(?<=[\W_])(translator|khaled|sameti|compilation|href=""http://en.casaarabe.es|target|casa|árabe|institute</a|occasion|omani|embassy|essay|poem|ali|mohamad|publishing|flyer|event|uae|previous|subtitle|youtube|video)$|^(translator|khaled|sameti|compilation|href=""http://en.casaarabe.es|target|casa|árabe|institute</a|occasion|omani|embassy|essay|poem|ali|mohamad|publishing|flyer|event|uae|previous|subtitle|youtube|video)$)"
26,from_german,"(^(translator|href=""https://www.textra.de|ueber|uns.html|target|receive|assignment|february|january|regular|basis|subtitle|youtube|video)(?![\w])|(?<=[\W_])(translator|href=""https://www.textra.de|ueber|uns.html|target|receive|assignment|february|january|regular|basis|subtitle|youtube|video)(?![\w])|(?<=[\W_])(translator|href=""https://www.textra.de|ueber|uns.html|target|receive|assignment|february|january|regular|basis|subtitle|youtube|video)$|^(translator|href=""https://www.textra.de|ueber|uns.html|target|receive|assignment|february|january|regular|basis|subtitle|youtube|video)$)"
27,translation_advice,(^(forte|rest|expert|professional|matter|front|advise|anyone|trade|flirt|idea|perform|task|heed|layer|meaning|unit|form|message|target|audience|comply|requirement|stringent)(?![\w])|(?<=[\W_])(forte|rest|expert|professional|matter|front|advise|anyone|trade|flirt|idea|perform|task|heed|layer|meaning|unit|form|message|target|audience|comply|requirement|stringent)(?![\w])|(?<=[\W_])(forte|rest|expert|professional|matter|front|advise|anyone|trade|flirt|idea|perform|task|heed|layer|meaning|unit|form|message|target|audience|comply|requirement|stringent)$|^(forte|rest|expert|professional|matter|front|advise|anyone|trade|flirt|idea|perform|task|heed|layer|meaning|unit|form|message|target|audience|comply|requirement|stringent)$)
28,arabianstories,(^(com|target|stories</a|february|platform|author|survive|series|calamity|sweep|home|town|decade|interpret|surprise|outside|sound|plausible|relatable|author|audience|host|contest|gather|site|original|necessary|fund|contest|raise|kickstarter|campaign|moniker|kickstarter|com|projects/1536538274/arabian|thought|perspective|nav_search&result|project&term|arab%20thoughts%20put%20into%20perspective|target|thought|perspective|case|check|fare)(?![\w])|(?<=[\W_])(com|target|stories</a|february|platform|author|survive|series|calamity|sweep|home|town|decade|interpret|surprise|outside|sound|plausible|relatable|author|audience|host|contest|gather|site|original|necessary|fund|contest|raise|kickstarter|campaign|moniker|kickstarter|com|projects/1536538274/arabian|thought|perspective|nav_search&result|project&term|arab%20thoughts%20put%20into%20perspective|target|thought|perspective|case|check|fare)(?![\w])|(?<=[\W_])(com|target|stories</a|february|platform|author|survive|series|calamity|sweep|home|town|decade|interpret|surprise|outside|sound|plausible|relatable|author|audience|host|contest|gather|site|original|necessary|fund|contest|raise|kickstarter|campaign|moniker|kickstarter|com|projects/1536538274/arabian|thought|perspective|nav_search&result|project&term|arab%20thoughts%20put%20into%20perspective|target|thought|perspective|case|check|fare)$|^(com|target|stories</a|february|platform|author|survive|series|calamity|sweep|home|town|decade|interpret|surprise|outside|sound|plausible|relatable|author|audience|host|contest|gather|site|original|necessary|fund|contest|raise|kickstarter|campaign|moniker|kickstarter|com|projects/1536538274/arabian|thought|perspective|nav_search&result|project&term|arab%20thoughts%20put%20into%20perspective|target|thought|perspective|case|check|fare)$)
29,advise_4_linguists_needing_a_change,(^(anyone|contemplate|possibility|similar|switch|advise|heap|patience|remind|verge|throw|towel|goal|matter|seem|beginning)(?![\w])|(?<=[\W_])(anyone|contemplate|possibility|similar|switch|advise|heap|patience|remind|verge|throw|towel|goal|matter|seem|beginning)(?![\w])|(?<=[\W_])(anyone|contemplate|possibility|similar|switch|advise|heap|patience|remind|verge|throw|towel|goal|matter|seem|beginning)$|^(anyone|contemplate|possibility|similar|switch|advise|heap|patience|remind|verge|throw|towel|goal|matter|seem|beginning)$)
30,expert_opinion_on_specific_topic_data,(^(technology|model|development|sorry|disappoint|depend|context|allergic|type|platitudinous|wisdom|spout|occasion|input|stuff|sweet|point)(?![\w])|(?<=[\W_])(technology|model|development|sorry|disappoint|depend|context|allergic|type|platitudinous|wisdom|spout|occasion|input|stuff|sweet|point)(?![\w])|(?<=[\W_])(technology|model|development|sorry|disappoint|depend|context|allergic|type|platitudinous|wisdom|spout|occasion|input|stuff|sweet|point)$|^(technology|model|development|sorry|disappoint|depend|context|allergic|type|platitudinous|wisdom|spout|occasion|input|stuff|sweet|point)$)
31,programming_languages,(^(python|octave|matlab|bash|sql|play|java|javascript|gain|experience|markdown|html|ide|choice|spyd|pycharm|python|intellij|java|rstudio)(?![\w])|(?<=[\W_])(python|octave|matlab|bash|sql|play|java|javascript|gain|experience|markdown|html|ide|choice|spyd|pycharm|python|intellij|java|rstudio)(?![\w])|(?<=[\W_])(python|octave|matlab|bash|sql|play|java|javascript|gain|experience|markdown|html|ide|choice|spyd|pycharm|python|intellij|java|rstudio)$|^(python|octave|matlab|bash|sql|play|java|javascript|gain|experience|markdown|html|ide|choice|spyd|pycharm|python|intellij|java|rstudio)$)
32,NLP,"(^(hire|saa|co.|absorb|right|common|main|investor|href=""https://parlamind.com|target|parlamind</a|natch|permanent|position|complete|internship|join|hire|parlamind|solution|foresee|sensible|next|href=""https://www.twyla.ai/|target|freelance|consultant|advise|feasibility|product|aim|enhance|performance|today|date_time_today|permanent|position|dream|big)(?![\w])|(?<=[\W_])(hire|saa|co.|absorb|right|common|main|investor|href=""https://parlamind.com|target|parlamind</a|natch|permanent|position|complete|internship|join|hire|parlamind|solution|foresee|sensible|next|href=""https://www.twyla.ai/|target|freelance|consultant|advise|feasibility|product|aim|enhance|performance|today|date_time_today|permanent|position|dream|big)(?![\w])|(?<=[\W_])(hire|saa|co.|absorb|right|common|main|investor|href=""https://parlamind.com|target|parlamind</a|natch|permanent|position|complete|internship|join|hire|parlamind|solution|foresee|sensible|next|href=""https://www.twyla.ai/|target|freelance|consultant|advise|feasibility|product|aim|enhance|performance|today|date_time_today|permanent|position|dream|big)$|^(hire|saa|co.|absorb|right|common|main|investor|href=""https://parlamind.com|target|parlamind</a|natch|permanent|position|complete|internship|join|hire|parlamind|solution|foresee|sensible|next|href=""https://www.twyla.ai/|target|freelance|consultant|advise|feasibility|product|aim|enhance|performance|today|date_time_today|permanent|position|dream|big)$)"
33,NNs,(^(concern|algorithm|achieve|result|task|condition|apply|ton|datum|solution|image|recognition|problem|field|sizeable|population|portrayal|relationship|man|class|interchangable|king|queen)(?![\w])|(?<=[\W_])(concern|algorithm|achieve|result|task|condition|apply|ton|datum|solution|image|recognition|problem|field|sizeable|population|portrayal|relationship|man|class|interchangable|king|queen)(?![\w])|(?<=[\W_])(concern|algorithm|achieve|result|task|condition|apply|ton|datum|solution|image|recognition|problem|field|sizeable|population|portrayal|relationship|man|class|interchangable|king|queen)$|^(concern|algorithm|achieve|result|task|condition|apply|ton|datum|solution|image|recognition|problem|field|sizeable|population|portrayal|relationship|man|class|interchangable|king|queen)$)
34,general_IT,(^(lesson|kafka|docker|ultimate|expert|subject|lot|drive|fast|pace|learner)(?![\w])|(?<=[\W_])(lesson|kafka|docker|ultimate|expert|subject|lot|drive|fast|pace|learner)(?![\w])|(?<=[\W_])(lesson|kafka|docker|ultimate|expert|subject|lot|drive|fast|pace|learner)$|^(lesson|kafka|docker|ultimate|expert|subject|lot|drive|fast|pace|learner)$)
35,opinion_on_AI,(^(lie|thinking|overrate|course)(?![\w])|(?<=[\W_])(lie|thinking|overrate|course)(?![\w])|(?<=[\W_])(lie|thinking|overrate|course)$|^(lie|thinking|overrate|course)$)
36,Pragmatrix,"(^(pragmatrix|carry|graduate|retreat|attend|fledge|datum|aim|establish|correlation|python|useful|perceive|achieve|result|present|href=""https://github.com|rtapiaoregui|pragmatrix|target|github|page</a|train|model)(?![\w])|(?<=[\W_])(pragmatrix|carry|graduate|retreat|attend|fledge|datum|aim|establish|correlation|python|useful|perceive|achieve|result|present|href=""https://github.com|rtapiaoregui|pragmatrix|target|github|page</a|train|model)(?![\w])|(?<=[\W_])(pragmatrix|carry|graduate|retreat|attend|fledge|datum|aim|establish|correlation|python|useful|perceive|achieve|result|present|href=""https://github.com|rtapiaoregui|pragmatrix|target|github|page</a|train|model)$|^(pragmatrix|carry|graduate|retreat|attend|fledge|datum|aim|establish|correlation|python|useful|perceive|achieve|result|present|href=""https://github.com|rtapiaoregui|pragmatrix|target|github|page</a|train|model)$)"
37,history,(^(seem|curt|colleague|beast|cold|blood|coarse|vein|bleed|heart|guess|discover|least|gain|insight|meagre|mental)(?![\w])|(?<=[\W_])(seem|curt|colleague|beast|cold|blood|coarse|vein|bleed|heart|guess|discover|least|gain|insight|meagre|mental)(?![\w])|(?<=[\W_])(seem|curt|colleague|beast|cold|blood|coarse|vein|bleed|heart|guess|discover|least|gain|insight|meagre|mental)$|^(seem|curt|colleague|beast|cold|blood|coarse|vein|bleed|heart|guess|discover|least|gain|insight|meagre|mental)$)
38,appearance,(^(blond|clue|virtue|create|build|image|dangle|promise|upgrade|future|life)(?![\w])|(?<=[\W_])(blond|clue|virtue|create|build|image|dangle|promise|upgrade|future|life)(?![\w])|(?<=[\W_])(blond|clue|virtue|create|build|image|dangle|promise|upgrade|future|life)$|^(blond|clue|virtue|create|build|image|dangle|promise|upgrade|future|life)$)
39,hobbies,(^(gentle|man|slash|identify|ask|date|coffee|cook|tickle|fancy|hard|hardcore|numb|comparison|palette|earthy|color|hue|gray)(?![\w])|(?<=[\W_])(gentle|man|slash|identify|ask|date|coffee|cook|tickle|fancy|hard|hardcore|numb|comparison|palette|earthy|color|hue|gray)(?![\w])|(?<=[\W_])(gentle|man|slash|identify|ask|date|coffee|cook|tickle|fancy|hard|hardcore|numb|comparison|palette|earthy|color|hue|gray)$|^(gentle|man|slash|identify|ask|date|coffee|cook|tickle|fancy|hard|hardcore|numb|comparison|palette|earthy|color|hue|gray)$)
40,social_status,(^(recognition|community|fellow|hell!–be|honest|rest|shunned|creature|existance|nobody|spare|thought|bad|die|single|doom|create|expose|flaw|incongruencie|choose|peer|base|progeny|choose|everything|precious|cost|seal|particular)(?![\w])|(?<=[\W_])(recognition|community|fellow|hell!–be|honest|rest|shunned|creature|existance|nobody|spare|thought|bad|die|single|doom|create|expose|flaw|incongruencie|choose|peer|base|progeny|choose|everything|precious|cost|seal|particular)(?![\w])|(?<=[\W_])(recognition|community|fellow|hell!–be|honest|rest|shunned|creature|existance|nobody|spare|thought|bad|die|single|doom|create|expose|flaw|incongruencie|choose|peer|base|progeny|choose|everything|precious|cost|seal|particular)$|^(recognition|community|fellow|hell!–be|honest|rest|shunned|creature|existance|nobody|spare|thought|bad|die|single|doom|create|expose|flaw|incongruencie|choose|peer|base|progeny|choose|everything|precious|cost|seal|particular)$)
41,personal_opinion,(^(care|hurt|question|surrounding|scratch|surface)(?![\w])|(?<=[\W_])(care|hurt|question|surrounding|scratch|surface)(?![\w])|(?<=[\W_])(care|hurt|question|surrounding|scratch|surface)$|^(care|hurt|question|surrounding|scratch|surface)$)
42,praise_compliment_insult,(^(blush)(?![\w])|(?<=[\W_])(blush)(?![\w])|(?<=[\W_])(blush)$|^(blush)$)
43,website,(^(agree|background|image|collage|banksy|dali|design|serve|channel|rest)(?![\w])|(?<=[\W_])(agree|background|image|collage|banksy|dali|design|serve|channel|rest)(?![\w])|(?<=[\W_])(agree|background|image|collage|banksy|dali|design|serve|channel|rest)$|^(agree|background|image|collage|banksy|dali|design|serve|channel|rest)$)
44,cookies,(^(cookie|monster|promise|message|exchange|process|personal|info|agree|whomever)(?![\w])|(?<=[\W_])(cookie|monster|promise|message|exchange|process|personal|info|agree|whomever)(?![\w])|(?<=[\W_])(cookie|monster|promise|message|exchange|process|personal|info|agree|whomever)$|^(cookie|monster|promise|message|exchange|process|personal|info|agree|whomever)$)
45,bot_features,(^(conceive|broad|dare|owe|drink|earth|suppose|bet|parent|everything|github|answer|query|address)(?![\w])|(?<=[\W_])(conceive|broad|dare|owe|drink|earth|suppose|bet|parent|everything|github|answer|query|address)(?![\w])|(?<=[\W_])(conceive|broad|dare|owe|drink|earth|suppose|bet|parent|everything|github|answer|query|address)$|^(conceive|broad|dare|owe|drink|earth|suppose|bet|parent|everything|github|answer|query|address)$)
46,how2use,(^(toddler|enough|earth|bottom|shoe|potato|differ|fast|limitation|seem|brick|load|urge|direct|sentence|worry|cryptic|style|favour)(?![\w])|(?<=[\W_])(toddler|enough|earth|bottom|shoe|potato|differ|fast|limitation|seem|brick|load|urge|direct|sentence|worry|cryptic|style|favour)(?![\w])|(?<=[\W_])(toddler|enough|earth|bottom|shoe|potato|differ|fast|limitation|seem|brick|load|urge|direct|sentence|worry|cryptic|style|favour)$|^(toddler|enough|earth|bottom|shoe|potato|differ|fast|limitation|seem|brick|load|urge|direct|sentence|worry|cryptic|style|favour)$)
47,how2acquire,(^(cut|arrive|sort|agreement|entrust|address|description|matter|discuss|deliver|ask|detail)(?![\w])|(?<=[\W_])(cut|arrive|sort|agreement|entrust|address|description|matter|discuss|deliver|ask|detail)(?![\w])|(?<=[\W_])(cut|arrive|sort|agreement|entrust|address|description|matter|discuss|deliver|ask|detail)$|^(cut|arrive|sort|agreement|entrust|address|description|matter|discuss|deliver|ask|detail)$)
48,elaborate_request,(^(sorry|elaborate|design|imagination|enough|wild|overstretched|imagination|suppose|healthy|something|hope)(?![\w])|(?<=[\W_])(sorry|elaborate|design|imagination|enough|wild|overstretched|imagination|suppose|healthy|something|hope)(?![\w])|(?<=[\W_])(sorry|elaborate|design|imagination|enough|wild|overstretched|imagination|suppose|healthy|something|hope)$|^(sorry|elaborate|design|imagination|enough|wild|overstretched|imagination|suppose|healthy|something|hope)$)
49,suggestion,(^(suggestion|forward|worth|precious|endow|gear|gage|merit|contact|detail|address)(?![\w])|(?<=[\W_])(suggestion|forward|worth|precious|endow|gear|gage|merit|contact|detail|address)(?![\w])|(?<=[\W_])(suggestion|forward|worth|precious|endow|gear|gage|merit|contact|detail|address)$|^(suggestion|forward|worth|precious|endow|gear|gage|merit|contact|detail|address)$)
50,complaint,(^(sorry|expectation|hard|form|expectation|fall|saying|vie)(?![\w])|(?<=[\W_])(sorry|expectation|hard|form|expectation|fall|saying|vie)(?![\w])|(?<=[\W_])(sorry|expectation|hard|form|expectation|fall|saying|vie)$|^(sorry|expectation|hard|form|expectation|fall|saying|vie)$)
